{"v":"5.12.1","fr":30,"ip":0,"op":64,"w":100,"h":100,"nm":"Verify","ddd":0,"assets":[],"layers":[{"ddd":0,"ind":1,"ty":4,"nm":"Shape Layer 1","sr":1,"ks":{"o":{"a":0,"k":100,"ix":11},"r":{"a":0,"k":0,"ix":10},"p":{"a":0,"k":[50.5,49,0],"ix":2,"l":2},"a":{"a":0,"k":[0.5,-1,0],"ix":1,"l":2},"s":{"a":0,"k":[100,100,100],"ix":6,"l":2}},"ao":0,"shapes":[{"ty":"gr","it":[{"ind":0,"ty":"sh","ix":1,"ks":{"a":0,"k":{"i":[[-8.25,0.125],[-3.25,6],[8.625,-6]],"o":[[-8.25,0.125],[-3.25,6],[8.625,-6]],"v":[[-8.25,0.125],[-3.25,6],[8.625,-6]],"c":false},"ix":2},"nm":"Path 1","mn":"ADBE Vector Shape - Group","hd":false,"_render":true},{"ty":"st","c":{"a":0,"k":[0.6118,0.451,0.9725,1],"ix":3},"o":{"a":0,"k":100,"ix":4},"w":{"a":0,"k":7,"ix":5},"lc":2,"lj":2,"bm":0,"nm":"Stroke 1","mn":"ADBE Vector Graphic - Stroke","hd":false,"_render":true},{"ty":"tm","s":{"a":0,"k":0,"ix":1},"e":{"a":1,"k":[{"i":{"x":[0.077],"y":[1]},"o":{"x":[0.013],"y":[0.108]},"t":10,"s":[0]},{"t":33,"s":[100]}],"ix":2},"o":{"a":0,"k":0,"ix":3},"m":1,"ix":4,"nm":"Trim Paths 1","mn":"ADBE Vector Filter - Trim","hd":false,"_render":true},{"ty":"tr","p":{"a":0,"k":[0,0],"ix":2},"a":{"a":0,"k":[0,0],"ix":1},"s":{"a":0,"k":[100,100],"ix":3},"r":{"a":0,"k":0,"ix":6},"o":{"a":0,"k":100,"ix":7},"sk":{"a":0,"k":0,"ix":4},"sa":{"a":0,"k":0,"ix":5},"nm":"Transform","_render":true}],"nm":"Shape 1","np":4,"cix":2,"bm":0,"ix":1,"mn":"ADBE Vector Group","hd":false,"_render":true}],"ip":0,"op":300,"st":0,"ct":1,"bm":0,"completed":true},{"ddd":0,"ind":3,"ty":4,"nm":"circle 02","sr":1,"ks":{"o":{"a":0,"k":100,"ix":11},"r":{"a":0,"k":0,"ix":10},"p":{"a":0,"k":[50,49.975,0],"ix":2,"l":2},"a":{"a":0,"k":[0,0,0],"ix":1,"l":2},"s":{"a":1,"k":[{"i":{"x":[0.077,0.077,0.667],"y":[1,1,1]},"o":{"x":[0.013,0.013,0.333],"y":[0.108,0.108,0]},"t":5,"s":[0,0,100]},{"t":28,"s":[100,100,100]}],"ix":6,"l":2}},"ao":0,"shapes":[{"ty":"gr","it":[{"ind":0,"ty":"sh","ix":1,"ks":{"a":0,"k":{"i":[[-14.387,-26.05],[26.05,-14.387],[14.387,26.05],[-26.05,14.387]],"o":[[14.387,-26.05],[26.05,14.387],[-14.387,26.05],[-26.05,-14.387]],"v":[[0,-26.05],[26.05,0],[0,26.05],[-26.05,0]],"c":true},"ix":2},"nm":"Path 1","mn":"ADBE Vector Shape - Group","hd":false,"_render":true},{"ty":"fl","c":{"a":0,"k":[0.9177,0.9136,0.9264,1],"ix":4},"o":{"a":0,"k":100,"ix":5},"r":1,"bm":0,"nm":"Fill 1","mn":"ADBE Vector Graphic - Fill","hd":false,"_render":true},{"ty":"tr","p":{"a":0,"k":[0,0],"ix":2},"a":{"a":0,"k":[0,0],"ix":1},"s":{"a":0,"k":[100,100],"ix":3},"r":{"a":0,"k":0,"ix":6},"o":{"a":0,"k":100,"ix":7},"sk":{"a":0,"k":0,"ix":4},"sa":{"a":0,"k":0,"ix":5},"nm":"Transform","_render":true}],"nm":"circle 02","np":2,"cix":2,"bm":0,"ix":1,"mn":"ADBE Vector Group","hd":false,"_render":true}],"ip":0,"op":300,"st":0,"ct":1,"bm":0,"completed":true},{"ddd":0,"ind":4,"ty":4,"nm":"circle 01","sr":1,"ks":{"o":{"a":0,"k":100,"ix":11},"r":{"a":0,"k":0,"ix":10},"p":{"a":0,"k":[50,50.009,0],"ix":2,"l":2},"a":{"a":0,"k":[0,0,0],"ix":1,"l":2},"s":{"a":1,"k":[{"i":{"x":[0.077,0.077,0.667],"y":[1,1,1]},"o":{"x":[0.013,0.013,0.333],"y":[0.108,0.108,0]},"t":0,"s":[0,0,100]},{"t":23,"s":[100,100,100]}],"ix":6,"l":2}},"ao":0,"shapes":[{"ty":"gr","it":[{"ind":0,"ty":"sh","ix":1,"ks":{"a":0,"k":{"i":[[30.829,-12.16],[30.374,-12.844000000000001],[30.375,-23.284],[27.181,-30.404999999999998],[13.221,-30.409],[12.42,-30.572],[5.041,-37.95],[-2.218,-40.646],[-12.135,-30.858],[-12.814,-30.409],[-23.248,-30.409],[-30.37,-27.217],[-30.375,-13.255],[-30.536,-12.452],[-37.923,-5.071],[-40.692,2.219],[-30.829,12.092],[-30.374,12.777000000000001],[-30.375,23.216],[-27.181,30.337],[-13.221,30.341],[-12.42,30.505],[-5.041,37.882],[2.249,40.669],[5.035,37.886],[12.135,30.79],[12.815,30.341],[23.248,30.341],[30.37,27.149],[30.375,13.188],[30.537,12.382],[37.923,5.003],[40.692,-2.2870000000000004]],"o":[[30.537,-12.45],[30.375,-13.255],[30.37,-27.217],[23.248,-30.409],[12.812,-30.409],[12.131,-30.861],[2.2230000000000003,-40.645],[-5.037,-37.952],[-12.424,-30.571],[-13.221,-30.409],[-27.181,-30.404999999999998],[-30.375,-23.284],[-30.374,-12.845],[-30.826,-12.163],[-40.693000000000005,-2.283],[-37.92,5.005],[-30.537,12.382],[-30.375,13.188],[-30.37,27.149],[-23.248,30.341],[-12.812,30.341],[-12.131,30.794],[-2.2620000000000005,40.665],[5.034,37.888],[5.037,37.884],[12.424,30.503],[13.222,30.341],[27.181,30.337],[30.375,23.216],[30.374,12.777000000000001],[30.829,12.092],[40.693000000000005,2.2150000000000003],[37.92,-5.073]],"v":[[30.829,-12.16],[30.375,-13.255],[30.375,-23.284],[23.248,-30.409],[13.221,-30.409],[12.131,-30.861],[5.041,-37.95],[-5.037,-37.952],[-12.135,-30.858],[-13.221,-30.409],[-23.248,-30.409],[-30.375,-23.284],[-30.375,-13.255],[-30.826,-12.163],[-37.923,-5.071],[-37.92,5.005],[-30.829,12.092],[-30.375,13.188],[-30.375,23.216],[-23.248,30.341],[-13.221,30.341],[-12.131,30.794],[-5.041,37.882],[5.032,37.89],[5.037,37.884],[12.135,30.79],[13.222,30.341],[23.248,30.341],[30.375,23.216],[30.375,13.188],[30.829,12.092],[37.923,5.003],[37.92,-5.073]],"c":true},"ix":2},"nm":"Path 1","mn":"ADBE Vector Shape - Group","hd":false,"_render":true},{"ty":"fl","c":{"a":0,"k":[0.6118,0.451,0.9725,1],"ix":4},"o":{"a":0,"k":100,"ix":5},"r":1,"bm":0,"nm":"Fill 1","mn":"ADBE Vector Graphic - Fill","hd":false,"_render":true},{"ty":"tr","p":{"a":0,"k":[0,0],"ix":2},"a":{"a":0,"k":[0,0],"ix":1},"s":{"a":0,"k":[100,100],"ix":3},"r":{"a":0,"k":0,"ix":6},"o":{"a":0,"k":100,"ix":7},"sk":{"a":0,"k":0,"ix":4},"sa":{"a":0,"k":0,"ix":5},"nm":"Transform","_render":true}],"nm":"circle 01","np":2,"cix":2,"bm":0,"ix":1,"mn":"ADBE Vector Group","hd":false,"_render":true}],"ip":0,"op":300,"st":0,"ct":1,"bm":0,"completed":true}],"markers":[],"props":{},"__complete":true}